SID,WORD,POS,LEVEL
1,specialize,verb,B1
2,absorb,verb,B2
3,abstract,adjective,B2
4,accent,noun,B2
5,accidentally,adverb,B2
6,accommodate,verb,B2
7,accommodation,noun,B2
8,accomplish,verb,B2
9,accountant,noun,B2
10,accuracy,noun,B2
11,accurately,adverb,B2
12,acid,noun,B2
13,acre,noun,B2
14,activate,verb,B2
15,addiction,noun,B2
16,additionally,adverb,B2
17,adequate,adjective,B2
18,adequately,adverb,B2
19,adjust,verb,B2
20,affordable,adjective,B2
21,aged,adjective,B2
22,agriculture,noun,B2
23,AIDS,noun,B2
24,alien,noun,B2
25,alongside,preposition,B2
26,altogether,adverb,B2
27,ambitious,adjective,B2
28,ambulance,noun,B2
29,amusing,adjective,B2
30,analyst,noun,B2
31,ancestor,noun,B2
32,animation,noun,B2
33,annually,adverb,B2
34,anticipate,verb,B2
35,anxiety,noun,B2
36,apology,noun,B2
37,applicant,noun,B2
38,appropriately,adverb,B2
39,arrow,noun,B2
40,artwork,noun,B2
41,asset,noun,B2
42,assign,verb,B2
43,assistance,noun,B2
44,assumption,noun,B2
45,assure,verb,B2
46,astonishing,adjective,B2
47,athletic,adjective,B2
48,attachment,noun,B2
49,audio,adjective,B2
50,awareness,noun,B2
51,awkward,adjective,B2
52,badge,noun,B2
53,balanced,adjective,B2
54,ballet,noun,B2
55,balloon,noun,B2
56,barely,adverb,B2
57,bargain,noun,B2
58,basement,noun,B2
59,basket,noun,B2
60,bat,noun,B2
61,beneficial,adjective,B2
62,beside,preposition,B2
63,besides,preposition,B2
64,besides,adverb,B2
65,bias,noun,B2
66,bid,noun,B2
67,bid,verb,B2
68,biological,adjective,B2
69,blanket,noun,B2
70,blow,noun,B2
71,bold,adjective,B2
72,bombing,noun,B2
73,boost,verb,B2
74,boost,noun,B2
75,bound,adjective,B2
76,brick,noun,B2
77,briefly,adverb,B2
78,broadcaster,noun,B2
79,broadly,adverb,B2
80,buck,noun,B2
81,bug,noun,B2
82,cabin,noun,B2
83,canal,noun,B2
84,candle,noun,B2
85,carbon,noun,B2
86,castle,noun,B2
87,casual,adjective,B2
88,cave,noun,B2
89,certainty,noun,B2
90,certificate,noun,B2
91,challenging,adjective,B2
92,championship,noun,B2
93,charming,adjective,B2
94,chase,verb,B2
95,chase,noun,B2
96,cheek,noun,B2
97,cheer,verb,B2
98,cheer,noun,B2
99,chop,verb,B2
100,circuit,noun,B2
101,civilization,noun,B2
102,clarify,verb,B2
103,classify,verb,B2
104,cliff,noun,B2
105,clinic,noun,B2
106,clip,noun,B2
107,coincidence,noun,B2
108,collector,noun,B2
109,colony,noun,B2
110,colorful,adjective,B2
111,comic,adjective,B2
112,comic,noun,B2
113,commander,noun,B2
114,comparative,adjective,B2
115,completion,noun,B2
116,compose,verb,B2
117,composer,noun,B2
118,compound,noun,B2
119,comprehensive,adjective,B2
120,comprise,verb,B2
121,compulsory,adjective,B2
122,concrete,adjective,B2
123,concrete,noun,B2
124,confess,verb,B2
125,confusion,noun,B2
126,consequently,adverb,B2
127,conservation,noun,B2
128,considerable,adjective,B2
129,considerably,adverb,B2
130,consistently,adverb,B2
131,conspiracy,noun,B2
132,consult,verb,B2
133,consultant,noun,B2
134,consumption,noun,B2
135,controversial,adjective,B2
136,controversy,noun,B2
137,convenience,noun,B2
138,convention,noun,B2
139,conventional,adjective,B2
140,convey,verb,B2
141,convincing,adjective,B2
142,cop,noun,B2
143,cope,verb,B2
144,corporation,noun,B2
145,corridor,noun,B2
146,counter,noun,B2
147,coverage,noun,B2
148,cowboy,noun,B2
149,crack,verb,B2
150,crack,noun,B2
151,craft,noun,B2
152,creativity,noun,B2
153,critically,adverb,B2
154,cruise,noun,B2
155,cruise,verb,B2
156,cue,noun,B2
157,curious,adjective,B2
158,curriculum,noun,B2
159,cute,adjective,B2
160,dairy,noun,B2
161,dairy,adjective,B2
162,dare,verb,B2
163,darkness,noun,B2
164,database,noun,B2
165,deadline,noun,B2
166,deadly,adjective,B2
167,dealer,noun,B2
168,deck,noun,B2
169,defender,noun,B2
170,delete,verb,B2
171,delighted,adjective,B2
172,democracy,noun,B2
173,democratic,adjective,B2
174,demonstration,noun,B2
175,depart,verb,B2
176,dependent,adjective,B2
177,deposit,noun,B2
178,deposit,verb,B2
179,depression,noun,B2
180,derive,verb,B2
181,desperately,adverb,B2
182,destruction,noun,B2
183,determination,noun,B2
184,devote,verb,B2
185,differ,verb,B2
186,dime,noun,B2
187,disability,noun,B2
188,disabled,adjective,B2
189,disagreement,noun,B2
190,disappoint,verb,B2
191,disappointment,noun,B2
192,discourage,verb,B2
193,disorder,noun,B2
194,distant,adjective,B2
195,distinct,adjective,B2
196,distinguish,verb,B2
197,distract,verb,B2
198,disturb,verb,B2
199,dive,verb,B2
200,dive,noun,B2
201,diverse,adjective,B2
202,diversity,noun,B2
203,divorce,noun,B2
204,divorce,verb,B2
205,dominant,adjective,B2
206,donation,noun,B2
207,dot,noun,B2
208,dramatically,adverb,B2
209,drought,noun,B2
210,dull,adjective,B2
211,dump,verb,B2
212,duration,noun,B2
213,dynamic,adjective,B2
214,eager,adjective,B2
215,economics,noun,B2
216,economist,noun,B2
217,editorial,adjective,B2
218,efficiently,adverb,B2
219,elbow,noun,B2
220,electronics,noun,B2
221,elegant,adjective,B2
222,elementary,adjective,B2
223,eliminate,verb,B2
224,embrace,verb,B2
225,emission,noun,B2
226,emotionally,adverb,B2
227,empire,noun,B2
228,enjoyable,adjective,B2
229,entertaining,adjective,B2
230,entrepreneur,noun,B2
231,envelope,noun,B2
232,equip,verb,B2
233,equivalent,noun,B2
234,equivalent,adjective,B2
235,era,noun,B2
236,erupt,verb,B2
237,essentially,adverb,B2
238,ethic,noun,B2
239,ethnic,adjective,B2
240,evaluation,noun,B2
241,evident,adjective,B2
242,evolution,noun,B2
243,evolve,verb,B2
244,exceed,verb,B2
245,exception,noun,B2
246,excessive,adjective,B2
247,exclude,verb,B2
248,exotic,adjective,B2
249,expansion,noun,B2
250,expedition,noun,B2
251,expertise,noun,B2
252,exploit,verb,B2
253,exposure,noun,B2
254,extension,noun,B2
255,extensive,adjective,B2
256,extensively,adverb,B2
257,extract,noun,B2
258,fabric,noun,B2
259,fabulous,adjective,B2
260,faculty,noun,B2
261,failed,adjective,B2
262,fake,adjective,B2
263,fame,noun,B2
264,fantasy,noun,B2
265,fare,noun,B2
266,firefighter,noun,B2
267,firework,noun,B2
268,firm,adjective,B2
269,firmly,adverb,B2
270,flavor,noun,B2
271,fond,adjective,B2
272,fool,noun,B2
273,forbid,verb,B2
274,forecast,noun,B2
275,forecast,verb,B2
276,format,noun,B2
277,formation,noun,B2
278,formerly,adverb,B2
279,fortunate,adjective,B2
280,forum,noun,B2
281,fossil,noun,B2
282,foundation,noun,B2
283,founder,noun,B2
284,fraction,noun,B2
285,fragment,noun,B2
286,framework,noun,B2
287,fraud,noun,B2
288,freely,adverb,B2
289,frequent,adjective,B2
290,fulfill,verb,B2
291,full-time,adjective,B2
292,full-time,adverb,B2
293,fundamentally,adverb,B2
294,furious,adjective,B2
295,gallon,noun,B2
296,gaming,noun,B2
297,gay,adjective,B2
298,gender,noun,B2
299,gene,noun,B2
300,genetic,adjective,B2
301,genius,noun,B2
302,genuine,adjective,B2
303,genuinely,adverb,B2
304,gesture,noun,B2
305,globalization,noun,B2
306,globe,noun,B2
307,golden,adjective,B2
308,goodness,noun,B2
309,gorgeous,adjective,B2
310,graphic,adjective,B2
311,graphics,noun,B2
312,greatly,adverb,B2
313,greenhouse,noun,B2
314,guideline,noun,B2
315,habitat,noun,B2
316,harbor,noun,B2
317,headquarters,noun,B2
318,heal,verb,B2
319,healthcare,noun,B2
320,helmet,noun,B2
321,hence,adverb,B2
322,herb,noun,B2
323,hidden,adjective,B2
324,hilarious,adjective,B2
325,hip,noun,B2
326,historian,noun,B2
327,homeless,adjective,B2
328,honesty,noun,B2
329,honey,noun,B2
330,hook,noun,B2
331,hopefully,adverb,B2
332,hunger,noun,B2
333,hypothesis,noun,B2
334,icon,noun,B2
335,ID,noun,B2
336,identical,adjective,B2
337,illusion,noun,B2
338,immigration,noun,B2
339,immune,adjective,B2
340,implement,verb,B2
341,implication,noun,B2
342,incentive,noun,B2
343,incorporate,verb,B2
344,incorrect,adjective,B2
345,independence,noun,B2
346,index,noun,B2
347,indication,noun,B2
348,inevitable,adjective,B2
349,inevitably,adverb,B2
350,infer,verb,B2
351,inflation,noun,B2
352,info,noun,B2
353,infrastructure,noun,B2
354,inhabitant,noun,B2
355,inherit,verb,B2
356,ink,noun,B2
357,innovation,noun,B2
358,innovative,adjective,B2
359,input,noun,B2
360,insert,verb,B2
361,inspector,noun,B2
362,installation,noun,B2
363,instant,adjective,B2
364,instantly,adverb,B2
365,integrate,verb,B2
366,intellectual,adjective,B2
367,interact,verb,B2
368,interaction,noun,B2
369,interpretation,noun,B2
370,interval,noun,B2
371,invade,verb,B2
372,invasion,noun,B2
373,investor,noun,B2
374,isolate,verb,B2
375,isolated,adjective,B2
376,jail,noun,B2
377,jet,noun,B2
378,joint,adjective,B2
379,joint,noun,B2
380,journalism,noun,B2
381,jury,noun,B2
382,kindergarten,noun,B2
383,kit,noun,B2
384,ladder,noun,B2
385,landing,noun,B2
386,lane,noun,B2
387,lately,adverb,B2
388,legend,noun,B2
389,lens,noun,B2
390,lifetime,noun,B2
391,lighting,noun,B2
392,likewise,adverb,B2
393,limitation,noun,B2
394,literally,adverb,B2
395,literary,adjective,B2
396,litter,noun,B2
397,logo,noun,B2
398,lottery,noun,B2
399,loyal,adjective,B2
400,lyric,noun,B2
401,magnificent,adjective,B2
402,makeup,noun,B2
403,making,noun,B2
404,manufacture,verb,B2
405,manufacturing,noun,B2
406,marathon,noun,B2
407,margin,noun,B2
408,marker,noun,B2
409,martial,adjective,B2
410,mate,noun,B2
411,mate,verb,B2
412,mechanic,noun,B2
413,mechanical,adjective,B2
414,mechanism,noun,B2
415,medal,noun,B2
416,medication,noun,B2
417,membership,noun,B2
418,memorable,adjective,B2
419,metaphor,noun,B2
420,miner,noun,B2
421,miserable,adjective,B2
422,mode,noun,B2
423,modest,adjective,B2
424,monster,noun,B2
425,monthly,adjective,B2
426,monument,noun,B2
427,moreover,adverb,B2
428,mortgage,noun,B2
429,mosque,noun,B2
430,mosquito,noun,B2
431,motion,noun,B2
432,motivate,verb,B2
433,motivation,noun,B2
434,moving,adjective,B2
435,myth,noun,B2
436,naked,adjective,B2
437,nasty,adjective,B2
438,navigation,noun,B2
439,nearby,adjective,B2
440,nearby,adverb,B2
441,necessity,noun,B2
442,negotiate,verb,B2
443,negotiation,noun,B2
444,neutral,adjective,B2
445,newly,adverb,B2
446,nickel,noun,B2
447,norm,noun,B2
448,notebook,noun,B2
449,novelist,noun,B2
450,nowadays,adverb,B2
451,nursing,adjective,B2
452,nutrition,noun,B2
453,obesity,noun,B2
454,observer,noun,B2
455,obstacle,noun,B2
456,occupation,noun,B2
457,occupy,verb,B2
458,offender,noun,B2
459,ongoing,adjective,B2
460,openly,adverb,B2
461,opera,noun,B2
462,operator,noun,B2
463,optimistic,adjective,B2
464,orchestra,noun,B2
465,organic,adjective,B2
466,outfit,noun,B2
467,output,noun,B2
468,outstanding,adjective,B2
469,overcome,verb,B2
470,overnight,adverb,B2
471,ownership,noun,B2
472,oxygen,noun,B2
473,packet,noun,B2
474,palm,noun,B2
475,panic,noun,B2
476,parade,noun,B2
477,parallel,adjective,B2
478,parallel,noun,B2
479,participation,noun,B2
480,partnership,noun,B2
481,part-time,adjective,B2
482,part-time,adverb,B2
483,passionate,adjective,B2
484,password,noun,B2
485,patch,noun,B2
486,patience,noun,B2
487,pause,noun,B2
488,pause,verb,B2
489,peer,noun,B2
490,penalty,noun,B2
491,perceive,verb,B2
492,perception,noun,B2
493,permanently,adverb,B2
494,pharmacy,noun,B2
495,physician,noun,B2
496,pill,noun,B2
497,pity,noun,B2
498,placement,noun,B2
499,portion,noun,B2
500,potentially,adverb,B2
501,precede,verb,B2
502,precious,adjective,B2
503,precise,adjective,B2
504,precisely,adverb,B2
505,predictable,adjective,B2
506,preference,noun,B2
507,presidential,adjective,B2
508,pride,noun,B2
509,primarily,adverb,B2
510,principal,adjective,B2
511,prior,adjective,B2
512,probability,noun,B2
513,probable,adjective,B2
514,proceed,verb,B2
515,programming,noun,B2
516,progressive,adjective,B2
517,prohibit,verb,B2
518,promising,adjective,B2
519,promotion,noun,B2
520,prompt,verb,B2
521,proportion,noun,B2
522,protein,noun,B2
523,protester,noun,B2
524,psychological,adjective,B2
525,publicity,noun,B2
526,publishing,noun,B2
527,punk,noun,B2
528,purely,adverb,B2
529,pursuit,noun,B2
530,puzzle,noun,B2
531,questionnaire,noun,B2
532,racial,adjective,B2
533,racism,noun,B2
534,racist,adjective,B2
535,racist,noun,B2
536,radiation,noun,B2
537,rail,noun,B2
538,random,adjective,B2
539,rat,noun,B2
540,rating,noun,B2
541,reasonably,adverb,B2
542,rebuild,verb,B2
543,receiver,noun,B2
544,recession,noun,B2
545,reckon,verb,B2
546,recognition,noun,B2
547,recovery,noun,B2
548,recruit,verb,B2
549,recruit,noun,B2
550,referee,noun,B2
551,refugee,noun,B2
552,registration,noun,B2
553,regulate,verb,B2
554,reinforce,verb,B2
555,relieve,verb,B2
556,relieved,adjective,B2
557,remarkable,adjective,B2
558,remarkably,adverb,B2
559,reporting,noun,B2
560,resign,verb,B2
561,resolution,noun,B2
562,restore,verb,B2
563,restrict,verb,B2
564,restriction,noun,B2
565,resume,noun,B2
566,retail,noun,B2
567,retirement,noun,B2
568,revenue,noun,B2
569,revision,noun,B2
570,ridiculous,adjective,B2
571,risky,adjective,B2
572,rival,noun,B2
573,rival,adjective,B2
574,rob,verb,B2
575,robbery,noun,B2
576,rocket,noun,B2
577,romance,noun,B2
578,rose,noun,B2
579,roughly,adverb,B2
580,ruin,verb,B2
581,ruin,noun,B2
582,satisfaction,noun,B2
583,scandal,noun,B2
584,scare,verb,B2
585,scare,noun,B2
586,scenario,noun,B2
587,scholar,noun,B2
588,scholarship,noun,B2
589,scratch,verb,B2
590,scratch,noun,B2
591,screening,noun,B2
592,seeker,noun,B2
593,seminar,noun,B2
594,settler,noun,B2
595,severely,adverb,B2
596,sexy,adjective,B2
597,shaped,adjective,B2
598,shocking,adjective,B2
599,shore,noun,B2
600,shortage,noun,B2
601,shortly,adverb,B2
602,short-term,adjective,B2
603,sibling,noun,B2
604,sidewalk,noun,B2
605,signature,noun,B2
606,significance,noun,B2
607,skilled,adjective,B2
608,skull,noun,B2
609,slogan,noun,B2
610,so-called,adjective,B2
611,somehow,adverb,B2
612,sometime,adverb,B2
613,sophisticated,adjective,B2
614,spare,adjective,B2
615,specify,verb,B2
616,spectacular,adjective,B2
617,spectator,noun,B2
618,speculate,verb,B2
619,speculation,noun,B2
620,spice,noun,B2
621,spill,verb,B2
622,spite,noun,B2
623,spoil,verb,B2
624,spokesman,noun,B2
625,spokesperson,noun,B2
626,spokeswoman,noun,B2
627,sponsorship,noun,B2
628,stall,noun,B2
629,stance,noun,B2
630,starve,verb,B2
631,steadily,adverb,B2
632,steam,noun,B2
633,stimulate,verb,B2
634,strengthen,verb,B2
635,strictly,adverb,B2
636,striking,adjective,B2
637,stroke,noun,B2
638,stunning,adjective,B2
639,subsequent,adjective,B2
640,subsequently,adverb,B2
641,suburb,noun,B2
642,suffering,noun,B2
643,sufficient,adjective,B2
644,sufficiently,adverb,B2
645,super,adjective,B2
646,surgeon,noun,B2
647,survival,noun,B2
648,survivor,noun,B2
649,suspend,verb,B2
650,sustainable,adjective,B2
651,swallow,verb,B2
652,sympathetic,adjective,B2
653,tackle,verb,B2
654,tag,noun,B2
655,tag,verb,B2
656,tap,verb,B2
657,tap,noun,B2
658,technological,adjective,B2
659,teen,noun,B2
660,temple,noun,B2
661,temporarily,adverb,B2
662,tendency,noun,B2
663,tension,noun,B2
664,terminal,noun,B2
665,terms,noun,B2
666,terribly,adverb,B2
667,terrify,verb,B2
668,territory,noun,B2
669,terror,noun,B2
670,terrorism,noun,B2
671,terrorist,noun,B2
672,testing,noun,B2
673,textbook,noun,B2
674,theft,noun,B2
675,therapist,noun,B2
676,thesis,noun,B2
677,thorough,adjective,B2
678,thoroughly,adverb,B2
679,thumb,noun,B2
680,timing,noun,B2
681,tissue,noun,B2
682,tournament,noun,B2
683,trace,verb,B2
684,trading,noun,B2
685,tragedy,noun,B2
686,tragic,adjective,B2
687,trait,noun,B2
688,transmit,verb,B2
689,trap,verb,B2
690,trap,noun,B2
691,treasure,noun,B2
692,tribe,noun,B2
693,trigger,verb,B2
694,trillion,number,B2
695,troop,noun,B2
696,tsunami,noun,B2
697,ultimate,adjective,B2
698,unacceptable,adjective,B2
699,uncertainty,noun,B2
700,undergo,verb,B2
701,undertake,verb,B2
702,unfold,verb,B2
703,unfortunate,adjective,B2
704,unite,verb,B2
705,unity,noun,B2
706,universal,adjective,B2
707,urgent,adjective,B2
708,usage,noun,B2
709,useless,adjective,B2
710,valid,adjective,B2
711,variation,noun,B2
712,vertical,adjective,B2
713,viewpoint,noun,B2
714,visa,noun,B2
715,visible,adjective,B2
716,voluntary,adjective,B2
717,voting,noun,B2
718,wander,verb,B2
719,warming,noun,B2
720,weekly,adjective,B2
721,weird,adjective,B2
722,welfare,noun,B2
723,wheat,noun,B2
724,whoever,pronoun,B2
725,widespread,adjective,B2
726,wisdom,noun,B2
727,withdraw,verb,B2
728,wolf,noun,B2
729,workforce,noun,B2
730,workplace,noun,B2
731,workshop,noun,B2
732,worm,noun,B2
733,wrist,noun,B2
1,abolish,verb,C1
2,abortion,noun,C1
3,absence,noun,C1
4,absent,adjective,C1
5,absurd,adjective,C1
6,abuse,noun,C1
7,abuse,verb,C1
8,academy,noun,C1
9,accelerate,verb,C1
10,acceptance,noun,C1
11,accessible,adjective,C1
12,accomplishment,noun,C1
13,accordingly,adverb,C1
14,accountability,noun,C1
15,accountable,adjective,C1
16,accumulate,verb,C1
17,accumulation,noun,C1
18,accusation,noun,C1
19,accused,noun,C1
20,acid,adjective,C1
21,acquisition,noun,C1
22,activation,noun,C1
23,activist,noun,C1
24,acute,adjective,C1
25,adaptation,noun,C1
26,adhere,verb,C1
27,adjacent,adjective,C1
28,adjustment,noun,C1
29,administer,verb,C1
30,administrative,adjective,C1
31,administrator,noun,C1
32,admission,noun,C1
33,adolescent,noun,C1
34,adoption,noun,C1
35,adverse,adjective,C1
36,advocate,noun,C1
37,advocate,verb,C1
38,aesthetic,adjective,C1
39,affection,noun,C1
40,aftermath,noun,C1
41,aggression,noun,C1
42,agricultural,adjective,C1
43,aide,noun,C1
44,alert,verb,C1
45,alert,noun,C1
46,alert,adjective,C1
47,alien,adjective,C1
48,align,verb,C1
49,alignment,noun,C1
50,alike,adverb,C1
51,alike,adjective,C1
52,allegation,noun,C1
53,allege,verb,C1
54,allegedly,adverb,C1
55,alliance,noun,C1
56,allocate,verb,C1
57,allocation,noun,C1
58,allowance,noun,C1
59,ally,noun,C1
60,aluminum,noun,C1
61,amateur,adjective,C1
62,amateur,noun,C1
63,ambassador,noun,C1
64,amend,verb,C1
65,amendment,noun,C1
66,amid,preposition,C1
67,analogy,noun,C1
68,anchor,noun,C1
69,angel,noun,C1
70,anonymous,adjective,C1
71,apparatus,noun,C1
72,apparel,noun,C1
73,appealing,adjective,C1
74,appetite,noun,C1
75,applaud,verb,C1
76,applicable,adjective,C1
77,appoint,verb,C1
78,appreciation,noun,C1
79,arbitrary,adjective,C1
80,architectural,adjective,C1
81,archive,noun,C1
82,arena,noun,C1
83,arm,verb,C1
84,array,noun,C1
85,articulate,verb,C1
86,ash,noun,C1
87,aspiration,noun,C1
88,aspire,verb,C1
89,assassination,noun,C1
90,assault,noun,C1
91,assault,verb,C1
92,assemble,verb,C1
93,assembly,noun,C1
94,assert,verb,C1
95,assertion,noun,C1
96,assurance,noun,C1
97,asylum,noun,C1
98,atrocity,noun,C1
99,attain,verb,C1
100,attendance,noun,C1
101,attribute,verb,C1
102,attribute,noun,C1
103,auction,noun,C1
104,audit,noun,C1
105,authentic,adjective,C1
106,authorize,verb,C1
107,auto,noun,C1
108,autonomy,noun,C1
109,autumn,noun,C1
110,availability,noun,C1
111,await,verb,C1
112,backdrop,noun,C1
113,backing,noun,C1
114,backup,noun,C1
115,bail,noun,C1
116,ballot,noun,C1
117,bankruptcy,noun,C1
118,banner,noun,C1
119,bare,adjective,C1
120,barrel,noun,C1
121,bass,noun,C1
122,bat,verb,C1
123,battlefield,noun,C1
124,bay,noun,C1
125,beam,noun,C1
126,beast,noun,C1
127,behalf,noun,C1
128,behavioral,adjective,C1
129,beloved,adjective,C1
130,bench,noun,C1
131,benchmark,noun,C1
132,beneath,preposition,C1
133,beneficiary,noun,C1
134,betray,verb,C1
135,beverage,noun,C1
136,bind,verb,C1
137,biography,noun,C1
138,bishop,noun,C1
139,bizarre,adjective,C1
140,blade,noun,C1
141,blast,noun,C1
142,blast,verb,C1
143,bleed,verb,C1
144,blend,verb,C1
145,blend,noun,C1
146,bless,verb,C1
147,blessing,noun,C1
148,boast,verb,C1
149,bonus,noun,C1
150,booking,noun,C1
151,boom,noun,C1
152,bounce,verb,C1
153,boundary,noun,C1
154,bow,verb,C1
155,bow,noun,C1
156,breach,noun,C1
157,breach,verb,C1
158,breakdown,noun,C1
159,breakthrough,noun,C1
160,breed,verb,C1
161,breed,noun,C1
162,broadband,noun,C1
163,browser,noun,C1
164,brutal,adjective,C1
165,buddy,noun,C1
166,buffer,noun,C1
167,bulk,noun,C1
168,burden,noun,C1
169,bureaucracy,noun,C1
170,burial,noun,C1
171,burst,verb,C1
172,cabinet,noun,C1
173,calculation,noun,C1
174,canvas,noun,C1
175,capability,noun,C1
176,capitalism,noun,C1
177,capitalist,adjective,C1
178,cargo,noun,C1
179,carriage,noun,C1
180,carve,verb,C1
181,casino,noun,C1
182,casualty,noun,C1
183,catalog,noun,C1
184,cater,verb,C1
185,cattle,noun,C1
186,caution,noun,C1
187,cautious,adjective,C1
188,cease,verb,C1
189,cemetery,noun,C1
190,chamber,noun,C1
191,chaos,noun,C1
192,characterize,verb,C1
193,charm,noun,C1
194,charter,noun,C1
195,choir,noun,C1
196,chronic,adjective,C1
197,chunk,noun,C1
198,circulate,verb,C1
199,circulation,noun,C1
200,citizenship,noun,C1
201,civic,adjective,C1
202,civilian,noun,C1
203,civilian,adjective,C1
204,clarity,noun,C1
205,clash,noun,C1
206,classification,noun,C1
207,cling,verb,C1
208,clinical,adjective,C1
209,closure,noun,C1
210,cluster,noun,C1
211,coalition,noun,C1
212,coastal,adjective,C1
213,cocktail,noun,C1
214,cognitive,adjective,C1
215,coincide,verb,C1
216,collaborate,verb,C1
217,collaboration,noun,C1
218,collective,adjective,C1
219,collision,noun,C1
220,colonial,adjective,C1
221,columnist,noun,C1
222,combat,noun,C1
223,combat,verb,C1
224,commence,verb,C1
225,commentary,noun,C1
226,commentator,noun,C1
227,commerce,noun,C1
228,commissioner,noun,C1
229,commodity,noun,C1
230,communist,adjective,C1
231,companion,noun,C1
232,comparable,adjective,C1
233,compassion,noun,C1
234,compel,verb,C1
235,compelling,adjective,C1
236,compensate,verb,C1
237,compensation,noun,C1
238,competence,noun,C1
239,competent,adjective,C1
240,compile,verb,C1
241,complement,verb,C1
242,complexity,noun,C1
243,compliance,noun,C1
244,complication,noun,C1
245,comply,verb,C1
246,composition,noun,C1
247,compromise,noun,C1
248,compromise,verb,C1
249,compute,verb,C1
250,conceal,verb,C1
251,concede,verb,C1
252,conceive,verb,C1
253,conception,noun,C1
254,concession,noun,C1
255,condemn,verb,C1
256,confer,verb,C1
257,confession,noun,C1
258,configuration,noun,C1
259,confine,verb,C1
260,confirmation,noun,C1
261,confront,verb,C1
262,confrontation,noun,C1
263,congratulate,verb,C1
264,congregation,noun,C1
265,congressional,adjective,C1
266,conquer,verb,C1
267,conscience,noun,C1
268,consciousness,noun,C1
269,consecutive,adjective,C1
270,consensus,noun,C1
271,consent,noun,C1
272,consent,verb,C1
273,conserve,verb,C1
274,consistency,noun,C1
275,consolidate,verb,C1
276,constitute,verb,C1
277,constitution,noun,C1
278,constitutional,adjective,C1
279,constraint,noun,C1
280,consultation,noun,C1
281,contemplate,verb,C1
282,contempt,noun,C1
283,contend,verb,C1
284,contender,noun,C1
285,content,adjective,C1
286,contention,noun,C1
287,continually,adverb,C1
288,contractor,noun,C1
289,contradiction,noun,C1
290,contrary,adjective,C1
291,contrary,noun,C1
292,contributor,noun,C1
293,conversion,noun,C1
294,convict,verb,C1
295,conviction,noun,C1
296,cooperate,verb,C1
297,cooperative,adjective,C1
298,coordinate,verb,C1
299,coordination,noun,C1
300,coordinator,noun,C1
301,copper,noun,C1
302,copyright,noun,C1
303,correction,noun,C1
304,correlate,verb,C1
305,correlation,noun,C1
306,correspond,verb,C1
307,correspondence,noun,C1
308,correspondent,noun,C1
309,corresponding,adjective,C1
310,corrupt,adjective,C1
311,corruption,noun,C1
312,costly,adjective,C1
313,councilor,noun,C1
314,counseling,noun,C1
315,counselor,noun,C1
316,counter,verb,C1
317,counterpart,noun,C1
318,countless,adjective,C1
319,coup,noun,C1
320,courtesy,noun,C1
321,craft,verb,C1
322,crawl,verb,C1
323,creator,noun,C1
324,credibility,noun,C1
325,credible,adjective,C1
326,creep,verb,C1
327,critique,noun,C1
328,crown,noun,C1
329,crude,adjective,C1
330,crush,verb,C1
331,crystal,noun,C1
332,cult,noun,C1
333,cult,adjective,C1
334,cultivate,verb,C1
335,curiosity,noun,C1
336,custody,noun,C1
337,cutting,noun,C1
338,cynical,adjective,C1
339,dam,noun,C1
340,damaging,adjective,C1
341,dawn,noun,C1
342,debris,noun,C1
343,debut,noun,C1
344,decision-making,noun,C1
345,decisive,adjective,C1
346,declaration,noun,C1
347,dedicated,adjective,C1
348,dedication,noun,C1
349,deed,noun,C1
350,deem,verb,C1
351,default,noun,C1
352,defect,noun,C1
353,defensive,adjective,C1
354,deficiency,noun,C1
355,deficit,noun,C1
356,defy,verb,C1
357,delegate,noun,C1
358,delegation,noun,C1
359,delicate,adjective,C1
360,demon,noun,C1
361,denial,noun,C1
362,denounce,verb,C1
363,dense,adjective,C1
364,density,noun,C1
365,dependence,noun,C1
366,depict,verb,C1
367,deploy,verb,C1
368,deployment,noun,C1
369,deprive,verb,C1
370,deputy,noun,C1
371,descend,verb,C1
372,descent,noun,C1
373,designate,verb,C1
374,desirable,adjective,C1
375,desktop,noun,C1
376,destructive,adjective,C1
377,detain,verb,C1
378,detection,noun,C1
379,detention,noun,C1
380,deteriorate,verb,C1
381,devastate,verb,C1
382,devil,noun,C1
383,devise,verb,C1
384,diagnose,verb,C1
385,diagnosis,noun,C1
386,dictate,verb,C1
387,dictator,noun,C1
388,differentiate,verb,C1
389,dignity,noun,C1
390,dilemma,noun,C1
391,dimension,noun,C1
392,diminish,verb,C1
393,dip,verb,C1
394,diplomat,noun,C1
395,diplomatic,noun,C1
396,directory,noun,C1
397,disastrous,adjective,C1
398,discard,verb,C1
399,discharge,verb,C1
400,disclose,verb,C1
401,disclosure,noun,C1
402,discourse,noun,C1
403,discretion,noun,C1
404,discrimination,noun,C1
405,dismissal,noun,C1
406,displace,verb,C1
407,disposal,noun,C1
408,dispose,verb,C1
409,dispute,noun,C1
410,dispute,verb,C1
411,disrupt,verb,C1
412,disruption,noun,C1
413,dissolve,verb,C1
414,distinction,noun,C1
415,distinctive,adjective,C1
416,distort,verb,C1
417,distress,noun,C1
418,distress,verb,C1
419,disturbing,adjective,C1
420,divert,verb,C1
421,divine,adjective,C1
422,doctrine,noun,C1
423,documentation,noun,C1
424,domain,noun,C1
425,dominance,noun,C1
426,donor,noun,C1
427,dose,noun,C1
428,drain,verb,C1
429,drift,verb,C1
430,driving,adjective,C1
431,drown,verb,C1
432,dual,adjective,C1
433,dub,verb,C1
434,dumb,adjective,C1
435,duo,noun,C1
436,dynamic,noun,C1
437,earnings,noun,C1
438,ease,noun,C1
439,ease,verb,C1
440,echo,verb,C1
441,echo,noun,C1
442,ecological,adjective,C1
443,educator,noun,C1
444,effectiveness,noun,C1
445,efficiency,noun,C1
446,ego,noun,C1
447,elaborate,adjective,C1
448,electoral,adjective,C1
449,elevate,verb,C1
450,eligible,adjective,C1
451,elite,noun,C1
452,embark,verb,C1
453,embarrassment,noun,C1
454,embassy,noun,C1
455,embed,verb,C1
456,embody,verb,C1
457,emergence,noun,C1
458,empirical,adjective,C1
459,empower,verb,C1
460,enact,verb,C1
461,encompass,verb,C1
462,encouragement,noun,C1
463,encouraging,adjective,C1
464,endeavor,noun,C1
465,endless,adjective,C1
466,endorse,verb,C1
467,endorsement,noun,C1
468,endure,verb,C1
469,enforce,verb,C1
470,enforcement,noun,C1
471,engagement,noun,C1
472,engaging,adjective,C1
473,enrich,verb,C1
474,enroll,verb,C1
475,ensue,verb,C1
476,enterprise,noun,C1
477,enthusiast,noun,C1
478,entitle,verb,C1
479,entity,noun,C1
480,epidemic,noun,C1
481,equality,noun,C1
482,equation,noun,C1
483,erect,verb,C1
484,escalate,verb,C1
485,essence,noun,C1
486,establishment,noun,C1
487,eternal,adjective,C1
488,evacuate,verb,C1
489,evoke,verb,C1
490,evolutionary,adjective,C1
491,exaggerate,verb,C1
492,excellence,noun,C1
493,exceptional,adjective,C1
494,excess,noun,C1
495,excess,adjective,C1
496,exclusion,noun,C1
497,exclusive,adjective,C1
498,exclusively,adverb,C1
499,execute,verb,C1
500,execution,noun,C1
501,exert,verb,C1
502,exile,noun,C1
503,expenditure,noun,C1
504,experimental,adjective,C1
505,expire,verb,C1
506,explicit,adjective,C1
507,explicitly,adverb,C1
508,exploitation,noun,C1
509,explosive,adjective,C1
510,explosive,noun,C1
511,extract,verb,C1
512,extremist,noun,C1
513,facilitate,verb,C1
514,faction,noun,C1
515,fade,verb,C1
516,fairness,noun,C1
517,fatal,adjective,C1
518,fate,noun,C1
519,favorable,adjective,C1
520,feat,noun,C1
521,felony,noun,C1
522,feminist,noun,C1
523,fiber,noun,C1
524,fierce,adjective,C1
525,filmmaker,noun,C1
526,filter,noun,C1
527,fine,noun,C1
528,fine,verb,C1
529,firearm,noun,C1
530,fiscal,adjective,C1
531,fit,noun,C1
532,flaw,noun,C1
533,flawed,adjective,C1
534,flee,verb,C1
535,fleet,noun,C1
536,flesh,noun,C1
537,flexibility,noun,C1
538,flourish,verb,C1
539,fluid,noun,C1
540,footage,noun,C1
541,foreigner,noun,C1
542,forge,verb,C1
543,formula,noun,C1
544,formulate,verb,C1
545,forth,adverb,C1
546,forthcoming,adjective,C1
547,foster,verb,C1
548,fragile,adjective,C1
549,franchise,noun,C1
550,frankly,adverb,C1
551,freshman,noun,C1
552,frustrated,adjective,C1
553,frustrating,adjective,C1
554,frustration,noun,C1
555,functional,adjective,C1
556,fundraising,noun,C1
557,funeral,noun,C1
558,gambling,noun,C1
559,gathering,noun,C1
560,gaze,noun,C1
561,gaze,verb,C1
562,gear,noun,C1
563,generic,adjective,C1
564,genocide,noun,C1
565,gig,noun,C1
566,glance,noun,C1
567,glimpse,noun,C1
568,glorious,adjective,C1
569,glory,noun,C1
570,governance,noun,C1
571,grace,noun,C1
572,grasp,noun,C1
573,grasp,verb,C1
574,grave,noun,C1
575,grave,adjective,C1
576,gravity,noun,C1
577,grid,noun,C1
578,grief,noun,C1
579,grin,verb,C1
580,grin,noun,C1
581,grind,verb,C1
582,grip,noun,C1
583,grip,verb,C1
584,gross,adjective,C1
585,guerrilla,noun,C1
586,guidance,noun,C1
587,guilt,noun,C1
588,gut,noun,C1
589,hail,verb,C1
590,halfway,adverb,C1
591,halt,verb,C1
592,halt,noun,C1
593,handful,noun,C1
594,handling,noun,C1
595,handy,adjective,C1
596,harassment,noun,C1
597,hardware,noun,C1
598,harmony,noun,C1
599,harsh,adjective,C1
600,harvest,noun,C1
601,hatred,noun,C1
602,haunt,verb,C1
603,hazard,noun,C1
604,heighten,verb,C1
605,heritage,noun,C1
606,hierarchy,noun,C1
607,high-profile,adjective,C1
608,hint,noun,C1
609,homeland,noun,C1
610,hopeful,adjective,C1
611,horizon,noun,C1
612,horn,noun,C1
613,hostage,noun,C1
614,hostile,adjective,C1
615,hostility,noun,C1
616,humanitarian,adjective,C1
617,humanity,noun,C1
618,humble,adjective,C1
619,hydrogen,noun,C1
620,identification,noun,C1
621,ideological,adjective,C1
622,ideology,noun,C1
623,idiot,noun,C1
624,ignorance,noun,C1
625,imagery,noun,C1
626,immense,adjective,C1
627,imminent,adjective,C1
628,implementation,noun,C1
629,imprison,verb,C1
630,inability,noun,C1
631,inadequate,adjective,C1
632,inappropriate,adjective,C1
633,incarcerate,verb,C1
634,incarceration,noun,C1
635,incidence,noun,C1
636,inclined,adjective,C1
637,inclusion,noun,C1
638,incur,verb,C1
639,indicator,noun,C1
640,indictment,noun,C1
641,indigenous,adjective,C1
642,induce,verb,C1
643,indulge,verb,C1
644,inequality,noun,C1
645,infamous,adjective,C1
646,infant,noun,C1
647,infect,verb,C1
648,inflict,verb,C1
649,influential,adjective,C1
650,inherent,adjective,C1
651,inhibit,verb,C1
652,initiate,verb,C1
653,inject,verb,C1
654,injection,noun,C1
655,injustice,noun,C1
656,inmate,noun,C1
657,inquire,verb,C1
658,insertion,noun,C1
659,insider,noun,C1
660,inspect,verb,C1
661,inspection,noun,C1
662,inspiration,noun,C1
663,instinct,noun,C1
664,institutional,adjective,C1
665,instruct,verb,C1
666,instrumental,adjective,C1
667,insufficient,adjective,C1
668,insult,noun,C1
669,insult,verb,C1
670,intact,adjective,C1
671,intake,noun,C1
672,integral,adjective,C1
673,integrated,adjective,C1
674,integration,noun,C1
675,integrity,noun,C1
676,intellectual,noun,C1
677,intensify,verb,C1
678,intensity,noun,C1
679,intensive,adjective,C1
680,intent,noun,C1
681,interactive,adjective,C1
682,interface,noun,C1
683,interfere,verb,C1
684,interference,noun,C1
685,interim,adjective,C1
686,interior,adjective,C1
687,interior,noun,C1
688,intermediate,adjective,C1
689,intersection,noun,C1
690,intervene,verb,C1
691,intervention,noun,C1
692,intimate,adjective,C1
693,intriguing,adjective,C1
694,inventory,noun,C1
695,investigator,noun,C1
696,invisible,adjective,C1
697,invoke,verb,C1
698,involvement,noun,C1
699,ironic,adjective,C1
700,ironically,adverb,C1
701,irony,noun,C1
702,irrelevant,adjective,C1
703,isolation,noun,C1
704,judicial,adjective,C1
705,jurisdiction,noun,C1
706,just,adjective,C1
707,justification,noun,C1
708,keen,adjective,C1
709,kidnap,verb,C1
710,kidney,noun,C1
711,kingdom,noun,C1
712,landlord,noun,C1
713,landmark,noun,C1
714,lap,noun,C1
715,large-scale,adjective,C1
716,laser,noun,C1
717,latter,adjective,C1
718,latter,noun,C1
719,lawmaker,noun,C1
720,lawn,noun,C1
721,lawsuit,noun,C1
722,layout,noun,C1
723,leak,verb,C1
724,leak,noun,C1
725,leap,verb,C1
726,leap,noun,C1
727,legacy,noun,C1
728,legendary,adjective,C1
729,legislation,noun,C1
730,legislative,adjective,C1
731,legislature,noun,C1
732,legitimate,adjective,C1
733,lengthy,adjective,C1
734,lesbian,adjective,C1
735,lesser,adjective,C1
736,lethal,adjective,C1
737,liable,adjective,C1
738,liberal,adjective,C1
739,liberal,noun,C1
740,liberation,noun,C1
741,liberty,noun,C1
742,lifelong,adjective,C1
743,likelihood,noun,C1
744,limb,noun,C1
745,linear,adjective,C1
746,lineup,noun,C1
747,linger,verb,C1
748,listing,noun,C1
749,liter,noun,C1
750,literacy,noun,C1
751,liver,noun,C1
752,lobby,noun,C1
753,lobby,verb,C1
754,log,noun,C1
755,log,verb,C1
756,logic,noun,C1
757,long-standing,adjective,C1
758,longtime,adjective,C1
759,loom,verb,C1
760,loop,noun,C1
761,loyalty,noun,C1
762,machinery,noun,C1
763,magical,adjective,C1
764,magnetic,adjective,C1
765,magnitude,noun,C1
766,mainland,noun,C1
767,mainstream,noun,C1
768,maintenance,noun,C1
769,mandate,noun,C1
770,mandatory,adjective,C1
771,manifest,verb,C1
772,manipulate,verb,C1
773,manipulation,noun,C1
774,manuscript,noun,C1
775,march,noun,C1
776,march,verb,C1
777,marginal,adjective,C1
778,marine,adjective,C1
779,marketplace,noun,C1
780,mask,noun,C1
781,massacre,noun,C1
782,mathematical,adjective,C1
783,mature,adjective,C1
784,mature,verb,C1
785,maximize,verb,C1
786,meaningful,adjective,C1
787,meantime,noun,C1
788,medieval,adjective,C1
789,meditation,noun,C1
790,melody,noun,C1
791,memo,noun,C1
792,memoir,noun,C1
793,memorial,noun,C1
794,mentor,noun,C1
795,merchant,noun,C1
796,mercy,noun,C1
797,mere,adjective,C1
798,merely,adverb,C1
799,merge,verb,C1
800,merger,noun,C1
801,merit,noun,C1
802,methodology,noun,C1
803,midst,noun,C1
804,migration,noun,C1
805,militant,noun,C1
806,militant,adjective,C1
807,militia,noun,C1
808,mill,noun,C1
809,minimal,adjective,C1
810,minimize,verb,C1
811,mining,noun,C1
812,ministry,noun,C1
813,minute,adjective,C1
814,miracle,noun,C1
815,misery,noun,C1
816,misleading,adjective,C1
817,missile,noun,C1
818,mob,noun,C1
819,mobile,adjective,C1
820,mobility,noun,C1
821,mobilize,verb,C1
822,moderate,adjective,C1
823,modification,noun,C1
824,module,noun,C1
825,momentum,noun,C1
826,monk,noun,C1
827,monopoly,noun,C1
828,morality,noun,C1
829,motive,noun,C1
830,municipal,adjective,C1
831,mutual,adjective,C1
832,namely,adverb,C1
833,nationwide,adjective,C1
834,naval,adjective,C1
835,neglect,verb,C1
836,neglect,noun,C1
837,neighboring,adjective,C1
838,nest,noun,C1
839,net,adjective,C1
840,newsletter,noun,C1
841,niche,noun,C1
842,noble,adjective,C1
843,nod,verb,C1
844,nominate,verb,C1
845,nomination,noun,C1
846,nominee,noun,C1
847,nonetheless,adverb,C1
848,nonprofit,adjective,C1
849,nonsense,noun,C1
850,noon,noun,C1
851,notable,adjective,C1
852,notably,adverb,C1
853,notify,verb,C1
854,notorious,adjective,C1
855,novel,adjective,C1
856,nursery,noun,C1
857,objection,noun,C1
858,oblige,verb,C1
859,obsess,verb,C1
860,obsession,noun,C1
861,occasional,adjective,C1
862,occurrence,noun,C1
863,odds,noun,C1
864,offering,noun,C1
865,offspring,noun,C1
866,operational,adjective,C1
867,opt,verb,C1
868,optical,adjective,C1
869,optimism,noun,C1
870,oral,adjective,C1
871,organizational,adjective,C1
872,orientation,noun,C1
873,originate,verb,C1
874,outbreak,noun,C1
875,outing,noun,C1
876,outlet,noun,C1
877,outlook,noun,C1
878,outrage,noun,C1
879,outrage,verb,C1
880,outsider,noun,C1
881,overlook,verb,C1
882,overly,adverb,C1
883,oversee,verb,C1
884,overturn,verb,C1
885,overwhelm,verb,C1
886,overwhelming,adjective,C1
887,pad,noun,C1
888,parameter,noun,C1
889,parental,adjective,C1
890,parliament,noun,C1
891,partial,adjective,C1
892,partially,adverb,C1
893,passing,noun,C1
894,passive,adjective,C1
895,pastor,noun,C1
896,patent,noun,C1
897,pathway,noun,C1
898,patrol,noun,C1
899,patrol,verb,C1
900,patron,noun,C1
901,peak,noun,C1
902,peasant,noun,C1
903,peculiar,adjective,C1
904,pension,noun,C1
905,persist,verb,C1
906,persistent,adjective,C1
907,personnel,noun,C1
908,petition,noun,C1
909,philosopher,noun,C1
910,philosophical,adjective,C1
911,pioneer,noun,C1
912,pioneer,verb,C1
913,pipeline,noun,C1
914,pirate,noun,C1
915,pit,noun,C1
916,plea,noun,C1
917,plead,verb,C1
918,pledge,verb,C1
919,pledge,noun,C1
920,plug,verb,C1
921,plug,noun,C1
922,plunge,verb,C1
923,pole,noun,C1
924,poll,noun,C1
925,pond,noun,C1
926,pop,verb,C1
927,portfolio,noun,C1
928,portray,verb,C1
929,postpone,verb,C1
930,postwar,adjective,C1
931,practitioner,noun,C1
932,preach,verb,C1
933,precedent,noun,C1
934,precision,noun,C1
935,predator,noun,C1
936,predecessor,noun,C1
937,predominantly,adverb,C1
938,pregnancy,noun,C1
939,prejudice,noun,C1
940,preliminary,adjective,C1
941,premier,noun,C1
942,premise,noun,C1
943,premium,noun,C1
944,prescribe,verb,C1
945,prescription,noun,C1
946,presently,adverb,C1
947,preservation,noun,C1
948,preside,verb,C1
949,presidency,noun,C1
950,prestigious,adjective,C1
951,presumably,adverb,C1
952,presume,verb,C1
953,prevail,verb,C1
954,prevalence,noun,C1
955,prevention,noun,C1
956,prey,noun,C1
957,principal,noun,C1
958,privatization,noun,C1
959,privilege,noun,C1
960,probe,noun,C1
961,probe,verb,C1
962,problematic,adjective,C1
963,proceeding,noun,C1
964,proceeds,noun,C1
965,processing,noun,C1
966,processor,noun,C1
967,proclaim,verb,C1
968,productive,adjective,C1
969,productivity,noun,C1
970,profitable,adjective,C1
971,profound,adjective,C1
972,projection,noun,C1
973,prominent,adjective,C1
974,pronounced,adjective,C1
975,propaganda,noun,C1
976,proposition,noun,C1
977,prosecute,verb,C1
978,prosecution,noun,C1
979,prosecutor,noun,C1
980,prospective,adjective,C1
981,prosperity,noun,C1
982,protective,adjective,C1
983,protocol,noun,C1
984,province,noun,C1
985,provincial,adjective,C1
986,provision,noun,C1
987,provoke,verb,C1
988,psychiatric,adjective,C1
989,pulse,noun,C1
990,pump,verb,C1
991,pump,noun,C1
992,punch,noun,C1
993,punch,verb,C1
994,query,noun,C1
995,quest,noun,C1
996,quota,noun,C1
997,radar,noun,C1
998,radical,adjective,C1
999,rage,noun,C1
1000,raid,noun,C1
1001,raid,verb,C1
1002,rally,noun,C1
1003,rally,verb,C1
1004,ranking,noun,C1
1005,rape,noun,C1
1006,rape,verb,C1
1007,ratio,noun,C1
1008,rational,adjective,C1
1009,ray,noun,C1
1010,readily,adverb,C1
1011,realization,noun,C1
1012,realm,noun,C1
1013,rear,adjective,C1
1014,rear,noun,C1
1015,reasoning,noun,C1
1016,reassure,verb,C1
1017,rebel,noun,C1
1018,rebellion,noun,C1
1019,recipient,noun,C1
1020,reconstruction,noun,C1
1021,recount,verb,C1
1022,recruitment,noun,C1
1023,referendum,noun,C1
1024,reflection,noun,C1
1025,reform,noun,C1
1026,reform,verb,C1
1027,refuge,noun,C1
1028,refusal,noun,C1
1029,regain,verb,C1
1030,regardless,adverb,C1
1031,regime,noun,C1
1032,regulator,noun,C1
1033,regulatory,adjective,C1
1034,rehabilitation,noun,C1
1035,reign,noun,C1
1036,reign,verb,C1
1037,rejection,noun,C1
1038,relevance,noun,C1
1039,reliability,noun,C1
1040,reluctant,adjective,C1
1041,remainder,noun,C1
1042,remains,noun,C1
1043,remedy,noun,C1
1044,reminder,noun,C1
1045,removal,noun,C1
1046,render,verb,C1
1047,renew,verb,C1
1048,renowned,adjective,C1
1049,rental,noun,C1
1050,replacement,noun,C1
1051,reportedly,adverb,C1
1052,representation,noun,C1
1053,reproduce,verb,C1
1054,reproduction,noun,C1
1055,republic,noun,C1
1056,resemble,verb,C1
1057,reside,verb,C1
1058,residence,noun,C1
1059,residential,adjective,C1
1060,residue,noun,C1
1061,resignation,noun,C1
1062,resistance,noun,C1
1063,respective,adjective,C1
1064,respectively,adverb,C1
1065,restoration,noun,C1
1066,restraint,noun,C1
1067,resume,verb,C1
1068,retreat,noun,C1
1069,retreat,verb,C1
1070,retrieve,verb,C1
1071,revelation,noun,C1
1072,revenge,noun,C1
1073,reverse,verb,C1
1074,reverse,noun,C1
1075,reverse,adjective,C1
1076,revival,noun,C1
1077,revive,verb,C1
1078,revolutionary,adjective,C1
1079,rhetoric,noun,C1
1080,rifle,noun,C1
1081,riot,noun,C1
1082,rip,verb,C1
1083,ritual,noun,C1
1084,robust,adjective,C1
1085,rock,verb,C1
1086,rod,noun,C1
1087,rookie,noun,C1
1088,roster,noun,C1
1089,rotate,verb,C1
1090,rotation,noun,C1
1091,ruling,noun,C1
1092,rumor,noun,C1
1093,sacred,adjective,C1
1094,sacrifice,noun,C1
1095,sacrifice,verb,C1
1096,saint,noun,C1
1097,sake,noun,C1
1098,sanction,noun,C1
1099,say,noun,C1
1100,scattered,adjective,C1
1101,scope,noun,C1
1102,screw,noun,C1
1103,screw,verb,C1
1104,scrutiny,noun,C1
1105,seal,noun,C1
1106,seal,verb,C1
1107,secondly,adverb,C1
1108,secular,adjective,C1
1109,seemingly,adverb,C1
1110,segment,noun,C1
1111,seize,verb,C1
1112,seldom,adverb,C1
1113,selective,adjective,C1
1114,sensation,noun,C1
1115,sensitivity,noun,C1
1116,sentiment,noun,C1
1117,separation,noun,C1
1118,serial,adjective,C1
1119,settlement,noun,C1
1120,setup,noun,C1
1121,sexuality,noun,C1
1122,shareholder,noun,C1
1123,shatter,verb,C1
1124,shed,verb,C1
1125,sheer,adjective,C1
1126,shipping,noun,C1
1127,shoot,noun,C1
1128,shrink,verb,C1
1129,shrug,verb,C1
1130,sigh,verb,C1
1131,sigh,noun,C1
1132,simulate,verb,C1
1133,simulation,noun,C1
1134,simultaneously,adverb,C1
1135,sin,noun,C1
1136,situated,adjective,C1
1137,skeptical,adjective,C1
1138,sketch,noun,C1
1139,skip,verb,C1
1140,slam,verb,C1
1141,slap,verb,C1
1142,slash,verb,C1
1143,slavery,noun,C1
1144,slot,noun,C1
1145,smash,verb,C1
1146,snap,verb,C1
1147,soak,verb,C1
1148,soar,verb,C1
1149,socialist,adjective,C1
1150,sole,adjective,C1
1151,solely,adverb,C1
1152,solidarity,noun,C1
1153,solo,noun,C1
1154,sophomore,noun,C1
1155,sound,adjective,C1
1156,sovereignty,noun,C1
1157,spam,noun,C1
1158,span,verb,C1
1159,span,noun,C1
1160,spare,verb,C1
1161,spark,verb,C1
1162,specialized,adjective,C1
1163,specification,noun,C1
1164,specimen,noun,C1
1165,spectacle,noun,C1
1166,spectrum,noun,C1
1167,spell,noun,C1
1168,sphere,noun,C1
1169,spin,verb,C1
1170,spin,noun,C1
1171,spine,noun,C1
1172,spotlight,noun,C1
1173,spouse,noun,C1
1174,spy,verb,C1
1175,spy,noun,C1
1176,squad,noun,C1
1177,squeeze,verb,C1
1178,stab,verb,C1
1179,stability,noun,C1
1180,stabilize,verb,C1
1181,stake,noun,C1
1182,standing,adjective,C1
1183,stark,adjective,C1
1184,statistical,adjective,C1
1185,steer,verb,C1
1186,stem,verb,C1
1187,stem,noun,C1
1188,stereotype,noun,C1
1189,stimulus,noun,C1
1190,stir,verb,C1
1191,storage,noun,C1
1192,straightforward,adjective,C1
1193,strain,noun,C1
1194,strand,noun,C1
1195,strategic,adjective,C1
1196,strip,noun,C1
1197,strip,verb,C1
1198,strive,verb,C1
1199,structural,adjective,C1
1200,stumble,verb,C1
1201,stun,verb,C1
1202,submission,noun,C1
1203,subscriber,noun,C1
1204,subscription,noun,C1
1205,subsidy,noun,C1
1206,substantial,adjective,C1
1207,substantially,adverb,C1
1208,substitute,noun,C1
1209,substitute,verb,C1
1210,substitution,noun,C1
1211,subtle,adjective,C1
1212,suburban,adjective,C1
1213,succession,noun,C1
1214,successive,adjective,C1
1215,successor,noun,C1
1216,suck,verb,C1
1217,sue,verb,C1
1218,suicide,noun,C1
1219,suite,noun,C1
1220,summit,noun,C1
1221,superb,adjective,C1
1222,superintendent,noun,C1
1223,superior,adjective,C1
1224,supervise,verb,C1
1225,supervision,noun,C1
1226,supervisor,noun,C1
1227,supplement,verb,C1
1228,supplement,noun,C1
1229,supportive,adjective,C1
1230,supposedly,adverb,C1
1231,suppress,verb,C1
1232,supreme,adjective,C1
1233,surge,noun,C1
1234,surge,verb,C1
1235,surgical,adjective,C1
1236,surplus,noun,C1
1237,surrender,verb,C1
1238,surveillance,noun,C1
1239,suspension,noun,C1
1240,suspicion,noun,C1
1241,suspicious,adjective,C1
1242,sustain,verb,C1
1243,swing,noun,C1
1244,swing,verb,C1
1245,sword,noun,C1
1246,symbolic,adjective,C1
1247,syndrome,noun,C1
1248,synthesis,noun,C1
1249,systematic,adjective,C1
1250,tackle,noun,C1
1251,tactic,noun,C1
1252,tactical,adjective,C1
1253,taxpayer,noun,C1
1254,tempt,verb,C1
1255,tenant,noun,C1
1256,tender,adjective,C1
1257,tenure,noun,C1
1258,terminal,adjective,C1
1259,terminate,verb,C1
1260,terrain,noun,C1
1261,terrific,adjective,C1
1262,testify,verb,C1
1263,testimony,noun,C1
1264,texture,noun,C1
1265,thankfully,adverb,C1
1266,theatrical,adjective,C1
1267,theology,noun,C1
1268,theoretical,adjective,C1
1269,thereafter,adverb,C1
1270,thereby,adverb,C1
1271,thoughtful,adjective,C1
1272,thought-provoking,adjective,C1
1273,thread,noun,C1
1274,threshold,noun,C1
1275,thrilled,adjective,C1
1276,thrive,verb,C1
1277,tide,noun,C1
1278,tighten,verb,C1
1279,timber,noun,C1
1280,timely,adjective,C1
1281,tobacco,noun,C1
1282,tolerance,noun,C1
1283,tolerate,verb,C1
1284,toll,noun,C1
1285,top,verb,C1
1286,torture,noun,C1
1287,torture,verb,C1
1288,toss,verb,C1
1289,total,verb,C1
1290,toxic,adjective,C1
1291,trace,noun,C1
1292,trademark,noun,C1
1293,trail,noun,C1
1294,trail,verb,C1
1295,trailer,noun,C1
1296,transaction,noun,C1
1297,transcript,noun,C1
1298,transformation,noun,C1
1299,transit,noun,C1
1300,transmission,noun,C1
1301,transparency,noun,C1
1302,transparent,adjective,C1
1303,trauma,noun,C1
1304,treaty,noun,C1
1305,tremendous,adjective,C1
1306,tribal,adjective,C1
1307,tribute,noun,C1
1308,trigger,noun,C1
1309,trio,noun,C1
1310,triumph,noun,C1
1311,trophy,noun,C1
1312,troubled,adjective,C1
1313,trustee,noun,C1
1314,tuition,noun,C1
1315,tumor,noun,C1
1316,turnout,noun,C1
1317,turnover,noun,C1
1318,twist,verb,C1
1319,twist,noun,C1
1320,unconstitutional,adjective,C1
1321,undergraduate,noun,C1
1322,underlying,adjective,C1
1323,undermine,verb,C1
1324,undoubtedly,adverb,C1
1325,unify,verb,C1
1326,unprecedented,adjective,C1
1327,unveil,verb,C1
1328,upcoming,adjective,C1
1329,upgrade,verb,C1
1330,upgrade,noun,C1
1331,uphold,verb,C1
1332,utility,noun,C1
1333,utilize,verb,C1
1334,utterly,adverb,C1
1335,vacuum,noun,C1
1336,vague,adjective,C1
1337,validity,noun,C1
1338,vanish,verb,C1
1339,variable,noun,C1
1340,variable,adjective,C1
1341,varied,adjective,C1
1342,vein,noun,C1
1343,venture,noun,C1
1344,venture,verb,C1
1345,verbal,adjective,C1
1346,verdict,noun,C1
1347,verify,verb,C1
1348,verse,noun,C1
1349,versus,conj.,C1
1350,vessel,noun,C1
1351,veteran,noun,C1
1352,viable,adjective,C1
1353,vibrant,adjective,C1
1354,vice,noun,C1
1355,vicious,adjective,C1
1356,violate,verb,C1
1357,violation,noun,C1
1358,virtue,noun,C1
1359,vocal,adjective,C1
1360,vow,verb,C1
1361,vulnerability,noun,C1
1362,vulnerable,adjective,C1
1363,ward,noun,C1
1364,warehouse,noun,C1
1365,warfare,noun,C1
1366,warrant,noun,C1
1367,warrant,verb,C1
1368,warrior,noun,C1
1369,weaken,verb,C1
1370,weave,verb,C1
1371,weed,noun,C1
1372,well,noun,C1
1373,well-being,noun,C1
1374,whatsoever,adverb,C1
1375,whereby,adverb,C1
1376,whip,verb,C1
1377,wholly,adverb,C1
1378,widen,verb,C1
1379,widow,noun,C1
1380,width,noun,C1
1381,willingness,noun,C1
1382,wipe,verb,C1
1383,wit,noun,C1
1384,withdrawal,noun,C1
1385,workout,noun,C1
1386,worship,noun,C1
1387,worship,verb,C1
1388,worthwhile,adjective,C1
1389,worthy,adjective,C1
1390,yell,verb,C1
1391,yield,noun,C1
1392,yield,verb,C1
